{"cameraMode":{"drawMode":0,"name":"Shaded","section":"Shading Mode"},"sceneLighting":false,"audioPlay":false,"sceneViewState":{"m_AlwaysRefresh":false,"showFog":true,"showSkybox":false,"showFlares":true,"showImageEffects":true,"showParticleSystems":true,"showVisualEffectGraphs":true,"m_FxEnabled":true},"in2DMode":false,"pivot":{"x":3.379593849182129,"y":1.0000009536743165,"z":-0.5125395059585571},"rotation":{"x":0.07014818489551544,"y":0.12979935109615327,"z":-0.00921641942113638,"w":0.9890207052230835},"size":2.0350964069366457,"orthographic":false}