{"cameraMode":{"drawMode":0,"name":"Shaded","section":"Shading Mode"},"sceneLighting":true,"audioPlay":false,"sceneViewState":{"m_AlwaysRefresh":false,"showFog":true,"showSkybox":true,"showFlares":true,"showImageEffects":true,"showParticleSystems":true,"showVisualEffectGraphs":true,"m_FxEnabled":true},"in2DMode":false,"pivot":{"x":18.435592651367189,"y":0.0000019073486328125,"z":7.659852981567383},"rotation":{"x":0.2605780065059662,"y":-0.6156612038612366,"z":0.22648347914218903,"w":0.7083621621131897},"size":22.28977394104004,"orthographic":false}