{"cameraMode":{"drawMode":0,"name":"Shaded","section":"Shading Mode"},"sceneLighting":false,"audioPlay":false,"sceneViewState":{"m_AlwaysRefresh":false,"showFog":true,"showSkybox":false,"showFlares":true,"showImageEffects":true,"showParticleSystems":true,"showVisualEffectGraphs":true,"m_FxEnabled":true},"in2DMode":false,"pivot":{"x":-2.9165825843811037,"y":1.7689704895019532,"z":31.923032760620118},"rotation":{"x":0.21197782456874848,"y":-0.5115036368370056,"z":0.13186027109622956,"w":0.822228729724884},"size":2.5290017127990724,"orthographic":false}